3,50,::1,"Mozilla/5.0 (Windows NT 10.0; Win64; x64) AppleWebKit/537.36 (KHTML, like Gecko) Chrome/139.0.0.0 Safari/537.36",Direct,2025-08-14 10:48:23
4,50,::1,"Mozilla/5.0 (Windows NT 10.0; Win64; x64) AppleWebKit/537.36 (KHTML, like Gecko) Chrome/139.0.0.0 Safari/537.36 Edg/139.0.0.0",Direct,2025-08-14 10:49:30
5,50,::1,"Mozilla/5.0 (Windows NT 10.0; Win64; x64) AppleWebKit/537.36 (KHTML, like Gecko) Chrome/139.0.0.0 Safari/537.36",Direct,2025-08-14 10:52:20
6,49,::1,"Mozilla/5.0 (Windows NT 10.0; Win64; x64) AppleWebKit/537.36 (KHTML, like Gecko) Chrome/139.0.0.0 Safari/537.36",Direct,2025-08-14 10:52:44
7,54,::1,"Mozilla/5.0 (Windows NT 10.0; Win64; x64) AppleWebKit/537.36 (KHTML, like Gecko) Chrome/139.0.0.0 Safari/537.36",Direct,2025-08-14 11:15:48
8,55,::1,"Mozilla/5.0 (Windows NT 10.0; Win64; x64) AppleWebKit/537.36 (KHTML, like Gecko) Chrome/139.0.0.0 Safari/537.36",Direct,2025-08-14 15:08:09
9,55,::1,"Mozilla/5.0 (Windows NT 10.0; Win64; x64) AppleWebKit/537.36 (KHTML, like Gecko) Chrome/139.0.0.0 Safari/537.36",Direct,2025-08-16 08:48:36
10,56,::1,"Mozilla/5.0 (Windows NT 10.0; Win64; x64) AppleWebKit/537.36 (KHTML, like Gecko) Chrome/139.0.0.0 Safari/537.36",Direct,2025-08-16 10:38:47
11,50,::1,"Mozilla/5.0 (Windows NT 10.0; Win64; x64) AppleWebKit/537.36 (KHTML, like Gecko) Chrome/139.0.0.0 Safari/537.36",Direct,2025-08-16 10:43:25
12,56,::1,"Mozilla/5.0 (Windows NT 10.0; Win64; x64) AppleWebKit/537.36 (KHTML, like Gecko) Chrome/139.0.0.0 Safari/537.36",Direct,2025-08-16 11:20:59
13,52,::1,"Mozilla/5.0 (Windows NT 10.0; Win64; x64) AppleWebKit/537.36 (KHTML, like Gecko) Chrome/139.0.0.0 Safari/537.36",Direct,2025-08-18 07:59:05
14,49,::1,"Mozilla/5.0 (Windows NT 10.0; Win64; x64) AppleWebKit/537.36 (KHTML, like Gecko) Chrome/139.0.0.0 Safari/537.36",Direct,2025-08-18 16:02:30
15,49,::1,"Mozilla/5.0 (Windows NT 10.0; Win64; x64) AppleWebKit/537.36 (KHTML, like Gecko) Chrome/139.0.0.0 Safari/537.36",Direct,2025-08-19 14:49:37
16,51,103.161.61.18,"Mozilla/5.0 (Linux; Android 10; K) AppleWebKit/537.36 (KHTML, like Gecko) Chrome/131.0.0.0 Mobile Safari/537.36",Direct,2025-08-27 16:49:59
19,49,216.247.21.16,"Mozilla/5.0 (Windows NT 10.0; Win64; x64) AppleWebKit/537.36 (KHTML, like Gecko) Chrome/139.0.0.0 Safari/537.36",Direct,2025-08-28 23:58:56
20,53,216.247.21.16,"Mozilla/5.0 (Windows NT 10.0; Win64; x64) AppleWebKit/537.36 (KHTML, like Gecko) Chrome/139.0.0.0 Safari/537.36",Direct,2025-08-28 23:59:13
21,53,216.247.21.16,"Mozilla/5.0 (Linux; Android 10; K) AppleWebKit/537.36 (KHTML, like Gecko) Chrome/131.0.0.0 Mobile Safari/537.36",Direct,2025-08-29 00:05:51
24,49,216.247.21.16,"Mozilla/5.0 (Linux; Android 10; K) AppleWebKit/537.36 (KHTML, like Gecko) Chrome/131.0.0.0 Mobile Safari/537.36",Direct,2025-08-29 00:08:34
25,49,216.247.21.16,"Mozilla/5.0 (Linux; Android 10; K) AppleWebKit/537.36 (KHTML, like Gecko) Chrome/131.0.0.0 Mobile Safari/537.36",Direct,2025-08-29 00:08:36
48,62,2405:8d40:48d8:bef0:185e:7096:ce04:d6f6,"Mozilla/5.0 (Linux; Android 10; K) AppleWebKit/537.36 (KHTML, like Gecko) Chrome/131.0.0.0 Mobile Safari/537.36",Direct,2025-08-29 09:31:01
50,71,103.161.61.22,"Mozilla/5.0 (Linux; Android 10; K) AppleWebKit/537.36 (KHTML, like Gecko) Chrome/131.0.0.0 Mobile Safari/537.36",Direct,2025-08-29 15:01:15
54,61,216.247.15.96,"Mozilla/5.0 (Windows NT 10.0; Win64; x64) AppleWebKit/537.36 (KHTML, like Gecko) Chrome/139.0.0.0 Safari/537.36",Direct,2025-08-30 02:04:20
56,62,2405:8d40:48d8:bef0:185e:7096:ce04:d6f6,"Mozilla/5.0 (Linux; Android 10; K) AppleWebKit/537.36 (KHTML, like Gecko) Chrome/131.0.0.0 Mobile Safari/537.36",Direct,2025-08-30 03:38:29
58,73,2405:8d40:48d8:bef0:185e:7096:ce04:d6f6,"Mozilla/5.0 (Linux; Android 10; K) AppleWebKit/537.36 (KHTML, like Gecko) Chrome/131.0.0.0 Mobile Safari/537.36",Direct,2025-08-30 09:18:31
60,62,216.247.22.249,"Mozilla/5.0 (Linux; Android 10; K) AppleWebKit/537.36 (KHTML, like Gecko) Chrome/131.0.0.0 Mobile Safari/537.36",Direct,2025-09-01 09:00:07
67,62,216.247.17.10,"Mozilla/5.0 (Linux; Android 10; K) AppleWebKit/537.36 (KHTML, like Gecko) Chrome/131.0.0.0 Mobile Safari/537.36",Direct,2025-09-01 23:58:25
68,62,216.247.17.10,"Mozilla/5.0 (Linux; Android 10; K) AppleWebKit/537.36 (KHTML, like Gecko) Chrome/131.0.0.0 Mobile Safari/537.36",Direct,2025-09-02 08:44:20
71,50,180.190.194.240,"Mozilla/5.0 (Windows NT 10.0; Win64; x64) AppleWebKit/537.36 (KHTML, like Gecko) Chrome/139.0.0.0 Safari/537.36",Direct,2025-09-03 08:15:26
72,62,180.190.194.240,"Mozilla/5.0 (Linux; Android 10; K) AppleWebKit/537.36 (KHTML, like Gecko) Chrome/131.0.0.0 Mobile Safari/537.36",Direct,2025-09-03 09:25:39
73,75,103.161.60.64,"Mozilla/5.0 (Linux; Android 10; K) AppleWebKit/537.36 (KHTML, like Gecko) Chrome/131.0.0.0 Mobile Safari/537.36",Direct,2025-09-03 13:44:45
77,62,216.247.15.73,"Mozilla/5.0 (Linux; Android 10; K) AppleWebKit/537.36 (KHTML, like Gecko) Chrome/131.0.0.0 Mobile Safari/537.36",Direct,2025-09-04 09:05:08
78,62,216.247.20.8,"Mozilla/5.0 (Linux; Android 10; K) AppleWebKit/537.36 (KHTML, like Gecko) Chrome/131.0.0.0 Mobile Safari/537.36",Direct,2025-09-05 09:20:57
79,62,103.161.61.37,"Mozilla/5.0 (Linux; Android 10; K) AppleWebKit/537.36 (KHTML, like Gecko) Chrome/131.0.0.0 Mobile Safari/537.36",Direct,2025-09-07 10:21:36
80,62,103.161.61.32,"Mozilla/5.0 (Linux; Android 10; K) AppleWebKit/537.36 (KHTML, like Gecko) Chrome/131.0.0.0 Mobile Safari/537.36",Direct,2025-09-07 10:23:21
87,62,216.247.15.237,"Mozilla/5.0 (Windows NT 10.0; Win64; x64) AppleWebKit/537.36 (KHTML, like Gecko) Chrome/140.0.0.0 Safari/537.36",Direct,2025-09-08 00:35:43
88,79,216.247.15.237,"Mozilla/5.0 (Windows NT 10.0; Win64; x64) AppleWebKit/537.36 (KHTML, like Gecko) Chrome/140.0.0.0 Safari/537.36",Direct,2025-09-08 00:37:38
89,80,216.247.15.237,"Mozilla/5.0 (Windows NT 10.0; Win64; x64) AppleWebKit/537.36 (KHTML, like Gecko) Chrome/140.0.0.0 Safari/537.36",Direct,2025-09-08 00:39:38
90,71,216.247.15.237,"Mozilla/5.0 (Windows NT 10.0; Win64; x64) AppleWebKit/537.36 (KHTML, like Gecko) Chrome/140.0.0.0 Safari/537.36",Direct,2025-09-08 00:40:57
91,52,216.247.15.237,"Mozilla/5.0 (Windows NT 10.0; Win64; x64) AppleWebKit/537.36 (KHTML, like Gecko) Chrome/140.0.0.0 Safari/537.36",Direct,2025-09-08 00:41:37
92,62,216.247.15.237,"Mozilla/5.0 (Windows NT 10.0; Win64; x64) AppleWebKit/537.36 (KHTML, like Gecko) Chrome/140.0.0.0 Safari/537.36",Direct,2025-09-08 02:51:01
95,85,216.247.22.241,"Mozilla/5.0 (Windows NT 10.0; Win64; x64) AppleWebKit/537.36 (KHTML, like Gecko) Chrome/140.0.0.0 Safari/537.36",Direct,2025-09-10 06:27:10
96,62,216.247.22.241,"Mozilla/5.0 (Windows NT 10.0; Win64; x64) AppleWebKit/537.36 (KHTML, like Gecko) Chrome/140.0.0.0 Safari/537.36",Direct,2025-09-10 08:48:10
97,62,216.247.22.241,"Mozilla/5.0 (Linux; Android 10; K) AppleWebKit/537.36 (KHTML, like Gecko) Chrome/131.0.0.0 Mobile Safari/537.36",Direct,2025-09-10 08:53:18
98,62,216.247.12.15,"Mozilla/5.0 (Linux; Android 10; K) AppleWebKit/537.36 (KHTML, like Gecko) Chrome/131.0.0.0 Mobile Safari/537.36",Direct,2025-09-11 09:36:44
106,62,49.145.39.253,"Mozilla/5.0 (Linux; Android 10; K) AppleWebKit/537.36 (KHTML, like Gecko) Chrome/131.0.0.0 Mobile Safari/537.36",Direct,2025-09-13 12:12:59
114,50,2001:4454:18e:1800:ddec:9df1:3f8d:4966,"Mozilla/5.0 (Linux; Android 10; K) AppleWebKit/537.36 (KHTML, like Gecko) Chrome/131.0.0.0 Mobile Safari/537.36",Direct,2025-09-14 04:28:39
115,62,49.145.47.255,"Mozilla/5.0 (Linux; Android 10; K) AppleWebKit/537.36 (KHTML, like Gecko) Chrome/131.0.0.0 Mobile Safari/537.36",Direct,2025-09-14 04:29:50
116,62,49.145.47.255,"Mozilla/5.0 (Linux; Android 10; K) AppleWebKit/537.36 (KHTML, like Gecko) Chrome/131.0.0.0 Mobile Safari/537.36",Direct,2025-09-14 04:29:53
117,62,216.247.15.161,"Mozilla/5.0 (Linux; Android 10; K) AppleWebKit/537.36 (KHTML, like Gecko) Chrome/131.0.0.0 Mobile Safari/537.36",Direct,2025-09-16 09:15:06
118,62,216.247.15.161,"Mozilla/5.0 (Linux; Android 10; K) AppleWebKit/537.36 (KHTML, like Gecko) Chrome/131.0.0.0 Mobile Safari/537.36",Direct,2025-09-16 09:15:07
122,62,216.247.20.206,"Mozilla/5.0 (Linux; Android 10; K) AppleWebKit/537.36 (KHTML, like Gecko) Chrome/131.0.0.0 Mobile Safari/537.36",Direct,2025-09-17 04:41:45
123,53,216.247.20.206,WhatsApp/3.0.0.0 A,Direct,2025-09-17 09:05:37
124,53,175.176.69.12,"Mozilla/5.0 (Linux; Android 14; V2344 Build/UP1A.231005.007; wv) AppleWebKit/537.36 (KHTML, like Gecko) Version/4.0 Chrome/140.0.7339.51 Mobile Safari/537.36 [FB_IAB/FB4A;FBAV/524.0.0.44.109;]",http://m.facebook.com/,2025-09-17 09:05:46
125,53,175.176.69.12,"Mozilla/5.0 (Linux; Android 14; V2344 Build/UP1A.231005.007; wv) AppleWebKit/537.36 (KHTML, like Gecko) Version/4.0 Chrome/140.0.7339.51 Mobile Safari/537.36 [FB_IAB/FB4A;FBAV/524.0.0.44.109;]",http://m.facebook.com/,2025-09-17 09:07:57
126,53,175.176.69.12,"Mozilla/5.0 (Linux; Android 14; V2344 Build/UP1A.231005.007; wv) AppleWebKit/537.36 (KHTML, like Gecko) Version/4.0 Chrome/140.0.7339.51 Mobile Safari/537.36 [FB_IAB/FB4A;FBAV/524.0.0.44.109;]",http://m.facebook.com/,2025-09-17 09:12:20
128,90,103.161.60.70,"Mozilla/5.0 (Linux; Android 10; K) AppleWebKit/537.36 (KHTML, like Gecko) Chrome/131.0.0.0 Mobile Safari/537.36",Direct,2025-09-18 22:10:32
129,62,216.247.21.220,"Mozilla/5.0 (Linux; Android 10; K) AppleWebKit/537.36 (KHTML, like Gecko) Chrome/131.0.0.0 Mobile Safari/537.36",Direct,2025-09-19 07:16:22
130,62,216.247.12.67,"Mozilla/5.0 (Linux; Android 10; K) AppleWebKit/537.36 (KHTML, like Gecko) Chrome/131.0.0.0 Mobile Safari/537.36",Direct,2025-09-20 07:47:00
131,90,127.0.0.1,"Mozilla/5.0 (Windows NT 10.0; Win64; x64) AppleWebKit/537.36 (KHTML, like Gecko) Chrome/140.0.0.0 Safari/537.36",Direct,2025-09-25 08:11:59
132,62,127.0.0.1,"Mozilla/5.0 (Windows NT 10.0; Win64; x64) AppleWebKit/537.36 (KHTML, like Gecko) Chrome/140.0.0.0 Safari/537.36",Direct,2025-09-26 00:34:53
133,62,127.0.0.1,"Mozilla/5.0 (Windows NT 10.0; Win64; x64) AppleWebKit/537.36 (KHTML, like Gecko) Chrome/140.0.0.0 Safari/537.36",Direct,2025-09-26 00:34:59
134,62,127.0.0.1,"Mozilla/5.0 (Windows NT 10.0; Win64; x64) AppleWebKit/537.36 (KHTML, like Gecko) Chrome/140.0.0.0 Safari/537.36",Direct,2025-09-26 00:35:04
136,91,127.0.0.1,"Mozilla/5.0 (Windows NT 10.0; Win64; x64) AppleWebKit/537.36 (KHTML, like Gecko) Chrome/140.0.0.0 Safari/537.36",Direct,2025-09-26 04:57:33
137,62,127.0.0.1,"Mozilla/5.0 (Windows NT 10.0; Win64; x64) AppleWebKit/537.36 (KHTML, like Gecko) Chrome/140.0.0.0 Safari/537.36",Direct,2025-09-26 04:58:27
149,97,127.0.0.1,"Mozilla/5.0 (Windows NT 10.0; Win64; x64) AppleWebKit/537.36 (KHTML, like Gecko) Chrome/140.0.0.0 Safari/537.36",Direct,2025-09-26 07:57:46
150,96,127.0.0.1,"Mozilla/5.0 (Windows NT 10.0; Win64; x64) AppleWebKit/537.36 (KHTML, like Gecko) Chrome/140.0.0.0 Safari/537.36",Direct,2025-09-26 07:57:56
151,97,127.0.0.1,"Mozilla/5.0 (Windows NT 10.0; Win64; x64) AppleWebKit/537.36 (KHTML, like Gecko) Chrome/140.0.0.0 Safari/537.36",Direct,2025-09-26 16:23:40
152,97,127.0.0.1,"Mozilla/5.0 (Windows NT 10.0; Win64; x64) AppleWebKit/537.36 (KHTML, like Gecko) Chrome/140.0.0.0 Safari/537.36",Direct,2025-09-26 08:24:34
153,97,127.0.0.1,"Mozilla/5.0 (Windows NT 10.0; Win64; x64) AppleWebKit/537.36 (KHTML, like Gecko) Chrome/140.0.0.0 Safari/537.36",Direct,2025-09-26 08:33:40
154,98,127.0.0.1,"Mozilla/5.0 (Windows NT 10.0; Win64; x64) AppleWebKit/537.36 (KHTML, like Gecko) Chrome/140.0.0.0 Safari/537.36",Direct,2025-09-26 08:35:21
155,62,216.247.20.206,"Mozilla/5.0 (Windows NT 10.0; Win64; x64) AppleWebKit/537.36 (KHTML, like Gecko) Chrome/140.0.0.0 Safari/537.36",Direct,2025-09-26 08:38:48
156,49,216.247.20.206,"Mozilla/5.0 (Windows NT 10.0; Win64; x64) AppleWebKit/537.36 (KHTML, like Gecko) Chrome/140.0.0.0 Safari/537.36",Direct,2025-09-17 01:29:27
157,49,216.247.20.206,"Mozilla/5.0 (Windows NT 10.0; Win64; x64) AppleWebKit/537.36 (KHTML, like Gecko) Chrome/140.0.0.0 Safari/537.36",http://m.facebook.com/,2025-09-17 01:29:33
158,49,216.247.20.206,"Mozilla/5.0 (Windows NT 10.0; Win64; x64) AppleWebKit/537.36 (KHTML, like Gecko) Chrome/140.0.0.0 Safari/537.36",http://m.facebook.com/,2025-09-17 01:30:37
159,49,216.247.20.206,"Mozilla/5.0 (Windows NT 10.0; Win64; x64) AppleWebKit/537.36 (KHTML, like Gecko) Chrome/140.0.0.0 Safari/537.36",http://m.facebook.com/,2025-09-17 01:30:37
160,49,127.0.0.1,"Mozilla/5.0 (Windows NT 10.0; Win64; x64) AppleWebKit/537.36 (KHTML, like Gecko) Chrome/140.0.0.0 Safari/537.36",http://m.facebook.com/,2025-09-20 01:30:43
161,49,127.0.0.1,"Mozilla/5.0 (Windows NT 10.0; Win64; x64) AppleWebKit/537.36 (KHTML, like Gecko) Chrome/140.0.0.0 Safari/537.36",Direct,2025-09-20 01:30:44
162,49,127.0.0.1,"Mozilla/5.0 (Windows NT 10.0; Win64; x64) AppleWebKit/537.36 (KHTML, like Gecko) Chrome/140.0.0.0 Safari/537.36",Direct,2025-09-21 01:30:49
163,49,2405:8d40:48d8:bef0:185e:7096:ce04:d6f6,"Mozilla/5.0 (Windows NT 10.0; Win64; x64) AppleWebKit/537.36 (KHTML, like Gecko) Chrome/140.0.0.0 Safari/537.36",Direct,2025-09-21 01:30:49
164,49,127.0.0.1,"Mozilla/5.0 (Windows NT 10.0; Win64; x64) AppleWebKit/537.36 (KHTML, like Gecko) Chrome/140.0.0.0 Safari/537.36",Direct,2025-09-22 01:30:52
165,49,2405:8d40:48d8:bef0:185e:7096:ce04:d6f6,"Mozilla/5.0 (Windows NT 10.0; Win64; x64) AppleWebKit/537.36 (KHTML, like Gecko) Chrome/140.0.0.0 Safari/537.36",Direct,2025-09-23 01:30:54
166,49,2405:8d40:48d8:bef0:185e:7096:ce04:d6f6,"Mozilla/5.0 (Windows NT 10.0; Win64; x64) AppleWebKit/537.36 (KHTML, like Gecko) Chrome/140.0.0.0 Safari/537.36",http://m.facebook.com/,2025-09-23 01:30:58
167,49,2405:8d40:48d8:bef0:185e:7096:ce04:d6f6,"Mozilla/5.0 (Windows NT 10.0; Win64; x64) AppleWebKit/537.36 (KHTML, like Gecko) Chrome/140.0.0.0 Safari/537.36",http://m.facebook.com/,2025-09-23 01:30:59
168,49,2405:8d40:48d8:bef0:185e:7096:ce04:d6f6,"Mozilla/5.0 (Windows NT 10.0; Win64; x64) AppleWebKit/537.36 (KHTML, like Gecko) Chrome/140.0.0.0 Safari/537.36",http://m.facebook.com/,2025-09-23 01:31:02
169,49,2405:8d40:48d8:bef0:185e:7096:ce04:d6f6,"Mozilla/5.0 (Windows NT 10.0; Win64; x64) AppleWebKit/537.36 (KHTML, like Gecko) Chrome/140.0.0.0 Safari/537.36",http://m.facebook.com/,2025-09-23 01:31:02
170,49,2405:8d40:48d8:bef0:185e:7096:ce04:d6f6,"Mozilla/5.0 (Windows NT 10.0; Win64; x64) AppleWebKit/537.36 (KHTML, like Gecko) Chrome/140.0.0.0 Safari/537.36",http://m.facebook.com/,2025-09-23 01:31:05
171,49,2405:8d40:48d8:bef0:185e:7096:ce04:d6f6,"Mozilla/5.0 (Windows NT 10.0; Win64; x64) AppleWebKit/537.36 (KHTML, like Gecko) Chrome/140.0.0.0 Safari/537.36",Direct,2025-09-23 01:31:06
172,49,2405:8d40:48d8:bef0:185e:7096:ce04:d6f6,"Mozilla/5.0 (Windows NT 10.0; Win64; x64) AppleWebKit/537.36 (KHTML, like Gecko) Chrome/140.0.0.0 Safari/537.36",http://m.facebook.com/,2025-09-23 01:31:08
173,49,2405:8d40:48d8:bef0:185e:7096:ce04:d6f6,"Mozilla/5.0 (Windows NT 10.0; Win64; x64) AppleWebKit/537.36 (KHTML, like Gecko) Chrome/140.0.0.0 Safari/537.36",http://m.facebook.com/,2025-09-23 01:31:09
174,49,127.0.0.1,"Mozilla/5.0 (Windows NT 10.0; Win64; x64) AppleWebKit/537.36 (KHTML, like Gecko) Chrome/140.0.0.0 Safari/537.36",http://m.facebook.com/,2025-09-23 01:31:16
175,49,216.247.20.206,"Mozilla/5.0 (Windows NT 10.0; Win64; x64) AppleWebKit/537.36 (KHTML, like Gecko) Chrome/140.0.0.0 Safari/537.36",Direct,2025-09-24 01:31:16
176,49,216.247.20.206,"Mozilla/5.0 (Windows NT 10.0; Win64; x64) AppleWebKit/537.36 (KHTML, like Gecko) Chrome/140.0.0.0 Safari/537.36",Direct,2025-09-24 01:31:21
177,49,216.247.20.206,"Mozilla/5.0 (Windows NT 10.0; Win64; x64) AppleWebKit/537.36 (KHTML, like Gecko) Chrome/140.0.0.0 Safari/537.36",Direct,2025-09-24 01:31:21
178,49,216.247.20.206,"Mozilla/5.0 (Windows NT 10.0; Win64; x64) AppleWebKit/537.36 (KHTML, like Gecko) Chrome/140.0.0.0 Safari/537.36",WhatsApp/3.0.0.0 A,2025-09-25 01:31:24
179,49,127.0.0.1,"Mozilla/5.0 (Windows NT 10.0; Win64; x64) AppleWebKit/537.36 (KHTML, like Gecko) Chrome/140.0.0.0 Safari/537.36",WhatsApp/3.0.0.0 A,2025-09-25 01:31:25
180,49,2405:8d40:48d8:bef0:185e:7096:ce04:d6f6,"Mozilla/5.0 (Windows NT 10.0; Win64; x64) AppleWebKit/537.36 (KHTML, like Gecko) Chrome/140.0.0.0 Safari/537.36",Direct,2025-09-25 01:31:28
181,49,127.0.0.1,"Mozilla/5.0 (Windows NT 10.0; Win64; x64) AppleWebKit/537.36 (KHTML, like Gecko) Chrome/140.0.0.0 Safari/537.36",http://m.facebook.com/,2025-09-25 01:31:28
182,49,216.247.20.206,"Mozilla/5.0 (Windows NT 10.0; Win64; x64) AppleWebKit/537.36 (KHTML, like Gecko) Chrome/140.0.0.0 Safari/537.36",Direct,2025-09-12 01:31:31
183,49,216.247.20.206,"Mozilla/5.0 (Windows NT 10.0; Win64; x64) AppleWebKit/537.36 (KHTML, like Gecko) Chrome/140.0.0.0 Safari/537.36",http://m.facebook.com/,2025-09-25 01:31:31
184,49,216.247.20.206,"Mozilla/5.0 (Linux; Android 10; K) AppleWebKit/537.36 (KHTML, like Gecko) Chrome/131.0.0.0 Mobile Safari/537.36",http://m.facebook.com/,2025-09-25 01:31:34
185,49,216.247.20.206,"Mozilla/5.0 (Windows NT 10.0; Win64; x64) AppleWebKit/537.36 (KHTML, like Gecko) Chrome/140.0.0.0 Safari/537.36",Direct,2025-09-27 01:31:35
186,49,2405:8d40:48d8:bef0:185e:7096:ce04:d6f6,"Mozilla/5.0 (Linux; Android 10; K) AppleWebKit/537.36 (KHTML, like Gecko) Chrome/131.0.0.0 Mobile Safari/537.36",WhatsApp/3.0.0.0 A,2025-09-27 01:31:38
187,49,216.247.20.206,"Mozilla/5.0 (Linux; Android 14; V2344 Build/UP1A.231005.007; wv) AppleWebKit/537.36 (KHTML, like Gecko) Version/4.0 Chrome/140.0.7339.51 Mobile Safari/537.36 [FB_IAB/FB4A;FBAV/524.0.0.44.109;]",WhatsApp/3.0.0.0 A,2025-09-27 01:31:39
188,49,127.0.0.1,"Mozilla/5.0 (Linux; Android 14; V2344 Build/UP1A.231005.007; wv) AppleWebKit/537.36 (KHTML, like Gecko) Version/4.0 Chrome/140.0.7339.51 Mobile Safari/537.36 [FB_IAB/FB4A;FBAV/524.0.0.44.109;]",http://m.facebook.com/,2025-09-27 01:31:41
189,49,49.145.47.255,"Mozilla/5.0 (Linux; Android 10; K) AppleWebKit/537.36 (KHTML, like Gecko) Chrome/131.0.0.0 Mobile Safari/537.36",http://m.facebook.com/,2025-09-27 01:31:42
190,49,49.145.47.255,"Mozilla/5.0 (Linux; Android 10; K) AppleWebKit/537.36 (KHTML, like Gecko) Chrome/131.0.0.0 Mobile Safari/537.36",http://m.facebook.com/,2025-09-27 01:31:44
191,49,49.145.47.255,"Mozilla/5.0 (Windows NT 10.0; Win64; x64) AppleWebKit/537.36 (KHTML, like Gecko) Chrome/140.0.0.0 Safari/537.36",http://m.facebook.com/,2025-09-27 01:31:45
192,49,49.145.47.255,"Mozilla/5.0 (Windows NT 10.0; Win64; x64) AppleWebKit/537.36 (KHTML, like Gecko) Chrome/140.0.0.0 Safari/537.36",WhatsApp/3.0.0.0 A,2025-09-27 01:31:48
193,49,127.0.0.1,"Mozilla/5.0 (Linux; Android 10; K) AppleWebKit/537.36 (KHTML, like Gecko) Chrome/131.0.0.0 Mobile Safari/537.36",Direct,2025-09-27 01:31:48
194,49,127.0.0.1,"Mozilla/5.0 (Linux; Android 10; K) AppleWebKit/537.36 (KHTML, like Gecko) Chrome/131.0.0.0 Mobile Safari/537.36",WhatsApp/3.0.0.0 A,2025-09-27 01:31:51
195,49,2405:8d40:48d8:bef0:185e:7096:ce04:d6f6,"Mozilla/5.0 (Windows NT 10.0; Win64; x64) AppleWebKit/537.36 (KHTML, like Gecko) Chrome/140.0.0.0 Safari/537.36",Direct,2025-09-27 01:31:52
196,49,2405:8d40:48d8:bef0:185e:7096:ce04:d6f6,"Mozilla/5.0 (Windows NT 10.0; Win64; x64) AppleWebKit/537.36 (KHTML, like Gecko) Chrome/140.0.0.0 Safari/537.36",WhatsApp/3.0.0.0 A,2025-09-27 01:31:55
197,49,127.0.0.1,"Mozilla/5.0 (Linux; Android 14; V2344 Build/UP1A.231005.007; wv) AppleWebKit/537.36 (KHTML, like Gecko) Version/4.0 Chrome/140.0.7339.51 Mobile Safari/537.36 [FB_IAB/FB4A;FBAV/524.0.0.44.109;]",Direct,2025-09-22 01:31:56
198,49,49.145.47.255,"Mozilla/5.0 (Linux; Android 14; V2344 Build/UP1A.231005.007; wv) AppleWebKit/537.36 (KHTML, like Gecko) Version/4.0 Chrome/140.0.7339.51 Mobile Safari/537.36 [FB_IAB/FB4A;FBAV/524.0.0.44.109;]",WhatsApp/3.0.0.0 A,2025-09-22 01:31:58
199,49,127.0.0.1,"Mozilla/5.0 (Linux; Android 14; V2344 Build/UP1A.231005.007; wv) AppleWebKit/537.36 (KHTML, like Gecko) Version/4.0 Chrome/140.0.7339.51 Mobile Safari/537.36 [FB_IAB/FB4A;FBAV/524.0.0.44.109;]",Direct,2025-09-22 01:31:59
200,49,49.145.47.255,"Mozilla/5.0 (Linux; Android 10; K) AppleWebKit/537.36 (KHTML, like Gecko) Chrome/131.0.0.0 Mobile Safari/537.36",Direct,2025-09-22 01:32:01
201,49,127.0.0.1,"Mozilla/5.0 (Windows NT 10.0; Win64; x64) AppleWebKit/537.36 (KHTML, like Gecko) Chrome/140.0.0.0 Safari/537.36",WhatsApp/3.0.0.0 A,2025-09-22 01:32:02
202,49,127.0.0.1,"Mozilla/5.0 (Linux; Android 10; K) AppleWebKit/537.36 (KHTML, like Gecko) Chrome/131.0.0.0 Mobile Safari/537.36",Direct,2025-09-22 01:32:05
203,49,127.0.0.1,"Mozilla/5.0 (Windows NT 10.0; Win64; x64) AppleWebKit/537.36 (KHTML, like Gecko) Chrome/140.0.0.0 Safari/537.36",Direct,2025-09-22 01:32:06
204,49,2405:8d40:48d8:bef0:185e:7096:ce04:d6f6,"Mozilla/5.0 (Linux; Android 10; K) AppleWebKit/537.36 (KHTML, like Gecko) Chrome/131.0.0.0 Mobile Safari/537.36",WhatsApp/3.0.0.0 A,2025-09-22 01:32:08
205,49,127.0.0.1,"Mozilla/5.0 (Linux; Android 10; K) AppleWebKit/537.36 (KHTML, like Gecko) Chrome/131.0.0.0 Mobile Safari/537.36",Direct,2025-09-22 01:32:09
206,49,2405:8d40:48d8:bef0:185e:7096:ce04:d6f6,"Mozilla/5.0 (Linux; Android 10; K) AppleWebKit/537.36 (KHTML, like Gecko) Chrome/131.0.0.0 Mobile Safari/537.36",Direct,2025-09-22 01:32:12
207,49,127.0.0.1,"Mozilla/5.0 (Windows NT 10.0; Win64; x64) AppleWebKit/537.36 (KHTML, like Gecko) Chrome/140.0.0.0 Safari/537.36",Direct,2025-09-22 01:32:13
208,49,216.247.20.206,"Mozilla/5.0 (Linux; Android 10; K) AppleWebKit/537.36 (KHTML, like Gecko) Chrome/131.0.0.0 Mobile Safari/537.36",WhatsApp/3.0.0.0 A,2025-09-22 01:32:15
209,49,127.0.0.1,"Mozilla/5.0 (Windows NT 10.0; Win64; x64) AppleWebKit/537.36 (KHTML, like Gecko) Chrome/140.0.0.0 Safari/537.36",WhatsApp/3.0.0.0 A,2025-09-22 01:32:16
210,49,216.247.20.206,"Mozilla/5.0 (Windows NT 10.0; Win64; x64) AppleWebKit/537.36 (KHTML, like Gecko) Chrome/140.0.0.0 Safari/537.36",WhatsApp/3.0.0.0 A,2025-09-22 01:32:19
211,49,127.0.0.1,"Mozilla/5.0 (Windows NT 10.0; Win64; x64) AppleWebKit/537.36 (KHTML, like Gecko) Chrome/140.0.0.0 Safari/537.36",WhatsApp/3.0.0.0 A,2025-09-22 01:32:19
212,49,49.145.47.255,"Mozilla/5.0 (Windows NT 10.0; Win64; x64) AppleWebKit/537.36 (KHTML, like Gecko) Chrome/140.0.0.0 Safari/537.36",WhatsApp/3.0.0.0 A,2025-09-22 01:32:22
213,49,127.0.0.1,"Mozilla/5.0 (Windows NT 10.0; Win64; x64) AppleWebKit/537.36 (KHTML, like Gecko) Chrome/140.0.0.0 Safari/537.36",Direct,2025-09-22 01:32:23
214,73,127.0.0.1,"Mozilla/5.0 (Windows NT 10.0; Win64; x64) AppleWebKit/537.36 (KHTML, like Gecko) Chrome/140.0.0.0 Safari/537.36",Direct,2025-09-27 02:35:00
215,96,127.0.0.1,"Mozilla/5.0 (Windows NT 10.0; Win64; x64) AppleWebKit/537.36 (KHTML, like Gecko) Chrome/140.0.0.0 Safari/537.36",Direct,2025-09-27 02:36:29
